{
  "xi": 0.0065,
  "teams": [
    "1. FC Heidenheim",
    "1. FC K\u00f6ln",
    "1899 Hoffenheim",
    "Arminia Bielefeld",
    "Bayer Leverkusen",
    "Bayern Munich",
    "Borussia Dortmund",
    "Borussia M\u00f6nchengladbach",
    "Eintracht Frankfurt",
    "FC Augsburg",
    "FC Schalke 04",
    "FC St. Pauli",
    "FSV Mainz 05",
    "Fortuna D\u00fcsseldorf",
    "Hamburger SV",
    "Hertha Berlin",
    "Holstein Kiel",
    "RB Leipzig",
    "SC Freiburg",
    "SV Darmstadt 98",
    "SV Elversberg",
    "SpVgg Greuther F\u00fcrth",
    "Union Berlin",
    "VfB Stuttgart",
    "VfL Bochum",
    "VfL Wolfsburg",
    "Werder Bremen"
  ],
  "attack": [
    0.0,
    -0.11205284669309103,
    0.35856079821016484,
    -0.24431438330405758,
    0.6804383181142971,
    0.9714563357845817,
    0.7663458156618616,
    0.43515951236958844,
    0.5866907395578183,
    -0.0747362693616087,
    0.15497837322164879,
    -0.24783908671906085,
    0.3989039502926758,
    0.868243203857353,
    -0.5851669354911004,
    0.15462367592597837,
    0.3733965391172617,
    0.41950595646213923,
    0.33435096453021484,
    -0.4056941275104039,
    0.25564116292905154,
    -0.16496683521320388,
    0.09681729147152303,
    0.614994451386552,
    -0.044191268287429676,
    0.25732553461101965,
    0.40844028097881724
  ],
  "defense": [
    0.11960307970636166,
    0.17371578818727829,
    0.2824071237536772,
    0.11674952288392211,
    -0.18301091797298652,
    -0.352883629132103,
    -0.07877271422556056,
    0.16397871731792824,
    -0.11747558274146956,
    -0.07509070011292641,
    0.3332674675066799,
    -0.27759610449816496,
    -0.15932813770196047,
    -2.792455356357651,
    0.4231886857408068,
    0.36538184915507727,
    0.3802236234880709,
    -0.025957051215867548,
    0.029416160967368262,
    0.5299668875116835,
    0.6684697174242592,
    0.404932626910278,
    0.048459715680828415,
    0.006095371119515442,
    0.22472723705422115,
    0.01457978985506922,
    0.009404044178241505
  ],
  "home_adv": 0.04830674009350569,
  "rho": -0.10466504108009614
}